Root,Case,Plot,Direction,N_Images,PAIe_Hinge,PAI_Hinge,Clumping_Hinge,PAIe_Miller,PAI_Miller,Clumping_Miller,FIPAR,FCOVER
DHP - ERECT - 4000x4000,Case 001,Plot04,up,10,1.66+/-0.06,2.00+/-0.06,0.83+/-0.04,1.46+/-0.05,1.89+/-0.06,0.771+/-0.033,0.9460+/-0.0032,0.26+/-0.07
DHP - ERECT - 4000x4000,Case 002,Plot04,up,10,1.24+/-0.04,1.41+/-0.05,0.87+/-0.04,1.091+/-0.032,1.31+/-0.04,0.831+/-0.035,0.886+/-0.005,0.23+/-0.06
DHP - ERECT - 4000x4000,Case 003,Plot04,up,10,0.706+/-0.022,0.762+/-0.024,0.93+/-0.04,0.624+/-0.018,0.695+/-0.020,0.90+/-0.04,0.711+/-0.007,0.15+/-0.04
DHP - ERECT - 4000x4000,Case 004,Plot04,up,10,1.300+/-0.019,1.406+/-0.034,0.924+/-0.026,1.165+/-0.019,1.366+/-0.026,0.853+/-0.021,0.911+/-0.004,0.59+/-0.07
DHP - ERECT - 4000x4000,Case 005,Plot04,up,10,1.13+/-0.05,1.34+/-0.05,0.85+/-0.05,0.951+/-0.030,1.17+/-0.04,0.81+/-0.04,0.871+/-0.007,0.21+/-0.08
DHP - ERECT - 4000x4000,Case 006,Plot04,up,10,0.97+/-0.07,1.22+/-0.07,0.79+/-0.08,0.88+/-0.04,1.13+/-0.05,0.78+/-0.05,0.834+/-0.011,0.17+/-0.06
DHP - ERECT - 4000x4000,Case 007,Plot04,up,10,0.88+/-0.07,1.40+/-0.13,0.63+/-0.08,0.83+/-0.05,1.26+/-0.08,0.66+/-0.06,0.827+/-0.016,0.24+/-0.07
DHP - ERECT - 4000x4000,Case 008,Plot04,up,10,0.360+/-0.014,0.379+/-0.015,0.95+/-0.05,0.311+/-0.010,0.332+/-0.010,0.94+/-0.04,0.475+/-0.007,0.088+/-0.027
DHP - ERECT - 4000x4000,Case 009,Plot04,up,10,1.06+/-0.06,1.75+/-0.09,0.60+/-0.05,0.91+/-0.04,1.62+/-0.07,0.56+/-0.04,0.811+/-0.015,0.21+/-0.07
DHP - ERECT - 4000x4000,Case 010,Plot04,up,10,1.67+/-0.09,2.56+/-0.17,0.65+/-0.06,1.33+/-0.05,2.19+/-0.09,0.608+/-0.034,0.943+/-0.006,0.27+/-0.08
DHP - ERECT - 4000x4000,Case 011,Plot04,up,10,1.30+/-0.05,1.75+/-0.11,0.74+/-0.06,1.09+/-0.04,1.53+/-0.07,0.71+/-0.04,0.894+/-0.005,0.20+/-0.05
DHP - ERECT - 4000x4000,Case 012,Plot04,up,10,1.50+/-0.07,2.05+/-0.21,0.73+/-0.08,1.30+/-0.04,1.84+/-0.11,0.71+/-0.05,0.9371+/-0.0035,0.26+/-0.04
DHP - ERECT - 4000x4000,Case 013,Plot04,up,10,2.57+/-0.06,2.85+/-0.04,0.901+/-0.024,2.235+/-0.028,2.501+/-0.021,0.894+/-0.013,0.9794+/-0.0027,0.340+/-0.022
DHP - ERECT - 4000x4000,Case 014,Plot04,up,10,1.74+/-0.07,2.74+/-0.14,0.64+/-0.04,1.68+/-0.05,2.86+/-0.09,0.589+/-0.026,0.935+/-0.005,0.38+/-0.08
DHP - ERECT - 4000x4000,Case 015,Plot04,up,10,1.82+/-0.08,3.21+/-0.16,0.57+/-0.04,1.70+/-0.06,3.29+/-0.11,0.518+/-0.024,0.946+/-0.005,0.42+/-0.08
DHP - ERECT - 4000x4000,Case 016,Plot04,up,10,2.57+/-0.11,3.51+/-0.14,0.73+/-0.04,2.21+/-0.07,3.22+/-0.10,0.687+/-0.031,0.9895+/-0.0013,0.37+/-0.08
DHP - ERECT - 4000x4000,Case 017,Plot04,up,10,2.42+/-0.08,3.00+/-0.09,0.81+/-0.04,2.07+/-0.05,2.74+/-0.05,0.758+/-0.023,0.9886+/-0.0012,0.36+/-0.07
DHP - ERECT - 4000x4000,Case 018,Plot04,up,10,0.324+/-0.019,0.380+/-0.024,0.85+/-0.07,0.265+/-0.012,0.350+/-0.021,0.76+/-0.06,0.443+/-0.012,0.031+/-0.017
DHP - ERECT - 4000x4000,Case 019,Plot04,up,10,0.34+/-0.06,0.73+/-0.14,0.46+/-0.12,0.263+/-0.033,0.63+/-0.09,0.42+/-0.08,0.417+/-0.033,0.035+/-0.026
DHP - ERECT - 4000x4000,Case 020,Plot04,up,10,0.61+/-0.04,0.85+/-0.07,0.71+/-0.08,0.544+/-0.025,0.78+/-0.04,0.70+/-0.05,0.683+/-0.014,0.16+/-0.05
DHP - ERECT - 4000x4000,Case 021,Plot04,up,10,0.74+/-0.04,0.97+/-0.06,0.77+/-0.07,0.657+/-0.028,0.88+/-0.04,0.75+/-0.05,0.730+/-0.012,0.17+/-0.06
DHP - ERECT - 4000x4000,Case 022,Plot04,up,10,0.176+/-0.015,0.22+/-0.04,0.80+/-0.15,0.139+/-0.010,0.172+/-0.017,0.81+/-0.10,0.282+/-0.012,0.048+/-0.018
DHP - ERECT - 4000x4000,Case 023,Plot04,up,10,0.191+/-0.013,0.214+/-0.019,0.89+/-0.10,0.145+/-0.008,0.162+/-0.010,0.89+/-0.07,0.296+/-0.008,0.046+/-0.015
DHP - ERECT - 4000x4000,Case 024,Plot04,up,10,2.26+/-0.10,3.25+/-0.12,0.70+/-0.04,1.84+/-0.05,2.77+/-0.06,0.665+/-0.024,0.9798+/-0.0023,0.40+/-0.05
DHP - ERECT - 4000x4000,Case 025,Plot04,up,10,1.21+/-0.09,2.19+/-0.18,0.55+/-0.06,1.09+/-0.06,2.21+/-0.13,0.49+/-0.04,0.876+/-0.011,0.18+/-0.06
DHP - ERECT - 4000x4000,Case 026,Plot04,up,10,1.28+/-0.10,2.52+/-0.21,0.51+/-0.06,1.15+/-0.07,2.66+/-0.15,0.434+/-0.035,0.890+/-0.011,0.18+/-0.06
DHP - ERECT - 4000x4000,Case 027,Plot04,up,10,1.33+/-0.11,2.88+/-0.25,0.46+/-0.05,1.20+/-0.07,2.92+/-0.17,0.409+/-0.033,0.898+/-0.011,0.18+/-0.06
DHP - ERECT - 4000x4000,Case 028,Plot04,up,10,2.84+/-0.15,4.89+/-0.19,0.58+/-0.04,2.30+/-0.07,4.22+/-0.09,0.544+/-0.021,0.9919+/-0.0017,0.48+/-0.06
DHP - ERECT - 4000x4000,Case 029,Plot04,up,10,1.33+/-0.12,2.48+/-0.26,0.54+/-0.07,1.22+/-0.06,2.14+/-0.14,0.57+/-0.05,0.857+/-0.014,0.39+/-0.10
DHP - ERECT - 4000x4000,Case 030,Plot04,up,10,1.60+/-0.12,3.37+/-0.29,0.48+/-0.05,1.49+/-0.06,3.14+/-0.14,0.476+/-0.030,0.927+/-0.008,0.31+/-0.08
DHP - ERECT - 4000x4000,Case 031,Plot04,up,10,1.23+/-0.06,2.01+/-0.15,0.61+/-0.05,1.06+/-0.04,1.79+/-0.08,0.59+/-0.04,0.872+/-0.011,0.21+/-0.06
DHP - ERECT - 4000x4000,Case 032,Plot04,up,10,1.64+/-0.12,3.38+/-0.28,0.48+/-0.05,1.39+/-0.06,2.80+/-0.13,0.498+/-0.031,0.938+/-0.008,0.23+/-0.06
DHP - ERECT - 4000x4000,Case 033,Plot04,up,10,2.179+/-0.016,2.204+/-0.016,0.989+/-0.010,1.889+/-0.010,1.923+/-0.011,0.982+/-0.007,0.97974+/-0.00034,0.461+/-0.009
DHP - ERECT - 4000x4000,Case 034,Plot04,up,10,1.446+/-0.032,1.60+/-0.13,0.90+/-0.07,1.270+/-0.018,1.38+/-0.04,0.921+/-0.029,0.9296+/-0.0027,0.325+/-0.008
DHP - ERECT - 4000x4000,Case 035,Plot04,up,10,0.62+/-0.09,1.9+/-0.4,0.33+/-0.08,0.50+/-0.05,1.55+/-0.19,0.32+/-0.05,0.693+/-0.028,0.016+/-0.016
DHP - ERECT - 4000x4000,Case 036,Plot04,up,10,1.96+/-0.04,2.11+/-0.04,0.927+/-0.025,1.712+/-0.031,1.928+/-0.033,0.888+/-0.022,0.9686+/-0.0012,0.39+/-0.05
DHP - ERECT - 4000x4000,Case 037,Plot04,up,10,2.26+/-0.05,2.70+/-0.08,0.834+/-0.032,1.94+/-0.04,2.42+/-0.05,0.801+/-0.023,0.9819+/-0.0011,0.40+/-0.06
DHP - ERECT - 4000x4000,Case 038,Plot04,up,10,0.35+/-0.06,0.80+/-0.15,0.44+/-0.11,0.271+/-0.034,0.67+/-0.10,0.40+/-0.08,0.430+/-0.034,0.037+/-0.027
DHP - ERECT - 4000x4000,Case 039,Plot04,up,10,2.925+/-0.021,2.968+/-0.023,0.985+/-0.010,2.535+/-0.012,2.582+/-0.013,0.982+/-0.007,0.99396+/-0.00013,0.563+/-0.009
DHP - ERECT - 4000x4000,Case 040,Plot04,up,10,3.619+/-0.021,3.675+/-0.021,0.985+/-0.008,3.171+/-0.014,3.239+/-0.015,0.979+/-0.006,0.99826+/-0.00007,0.647+/-0.009
DHP - ERECT - 4000x4000,Case 041,Plot04,up,10,4.385+/-0.030,4.463+/-0.029,0.982+/-0.009,3.806+/-0.016,3.903+/-0.018,0.975+/-0.006,0.999479+/-0.000031,0.719+/-0.008
DHP - ERECT - 4000x4000,Case 042,Plot04,up,10,0.61+/-0.09,1.69+/-0.34,0.36+/-0.09,0.49+/-0.05,1.44+/-0.18,0.34+/-0.05,0.685+/-0.028,0.015+/-0.015
DHP - ERECT - 4000x4000,Case 043,Plot04,up,10,1.17+/-0.12,2.21+/-0.27,0.53+/-0.09,0.94+/-0.07,1.93+/-0.15,0.48+/-0.05,0.871+/-0.017,0.11+/-0.06
DHP - ERECT - 4000x4000,Case 044,Plot04,up,10,0.62+/-0.11,1.8+/-0.4,0.34+/-0.09,0.47+/-0.05,1.39+/-0.17,0.34+/-0.05,0.70+/-0.04,0.047+/-0.033
DHP - ERECT - 4000x4000,Case 045,Plot04,up,10,1.37+/-0.12,2.90+/-0.24,0.47+/-0.06,1.31+/-0.08,2.81+/-0.14,0.47+/-0.04,0.893+/-0.012,0.35+/-0.12
DHP - ERECT - 4000x4000,Case 046,Plot04,up,10,1.79+/-0.11,3.05+/-0.14,0.59+/-0.04,1.62+/-0.07,2.86+/-0.11,0.566+/-0.032,0.956+/-0.006,0.44+/-0.07
DHP - ERECT - 4000x4000,Case 047,Plot04,up,10,1.90+/-0.05,2.12+/-0.04,0.899+/-0.028,1.588+/-0.024,1.784+/-0.021,0.890+/-0.017,0.957+/-0.004,0.145+/-0.021
DHP - ERECT - 4000x4000,Case 048,Plot04,up,10,2.237+/-0.025,2.307+/-0.027,0.969+/-0.016,1.924+/-0.017,2.010+/-0.018,0.957+/-0.012,0.9791+/-0.0006,0.462+/-0.015
DHP - ERECT - 4000x4000,Case 049,Plot04,up,10,2.18+/-0.05,2.37+/-0.05,0.918+/-0.027,2.36+/-0.04,2.87+/-0.05,0.822+/-0.019,0.9579+/-0.0014,0.48+/-0.08
DHP - ERECT - 4000x4000,Case 050,Plot04,up,10,1.98+/-0.05,2.24+/-0.06,0.883+/-0.035,1.689+/-0.028,2.01+/-0.04,0.839+/-0.020,0.9686+/-0.0017,0.30+/-0.06
DHP - ERECT - 4000x4000,Case 051,Plot04,up,10,1.53+/-0.09,2.07+/-0.11,0.74+/-0.06,1.39+/-0.05,2.03+/-0.06,0.686+/-0.031,0.937+/-0.005,0.35+/-0.08
DHP - ERECT - 4000x4000,Case 052,Plot04,up,10,1.25+/-0.07,1.85+/-0.10,0.68+/-0.05,1.05+/-0.04,1.69+/-0.07,0.62+/-0.04,0.894+/-0.010,0.14+/-0.07
DHP - ERECT - 4000x4000,Case 053,Plot04,up,10,0.41+/-0.10,1.18+/-0.26,0.34+/-0.11,0.41+/-0.06,0.97+/-0.13,0.42+/-0.08,0.50+/-0.05,0.18+/-0.09
DHP - ERECT - 4000x4000,Case 054,Plot04,up,10,1.16+/-0.12,2.19+/-0.27,0.53+/-0.09,0.92+/-0.06,1.83+/-0.14,0.50+/-0.05,0.873+/-0.017,0.11+/-0.06
DHP - ERECT - 4000x4000,Case 055,Plot04,up,10,1.30+/-0.10,2.28+/-0.18,0.57+/-0.06,1.02+/-0.06,1.87+/-0.11,0.55+/-0.05,0.891+/-0.013,0.16+/-0.06
DHP - ERECT - 4000x4000,Case 056,Plot04,up,10,0.90+/-0.08,1.43+/-0.16,0.63+/-0.09,0.71+/-0.04,1.16+/-0.09,0.61+/-0.06,0.804+/-0.019,0.10+/-0.05
DHP - ERECT - 4000x4000,Case 057,Plot04,up,10,1.20+/-0.05,1.67+/-0.10,0.72+/-0.05,1.014+/-0.025,1.45+/-0.05,0.700+/-0.030,0.883+/-0.006,0.251+/-0.029
DHP - ERECT - 4000x4000,Case 058,Plot04,up,10,1.20+/-0.04,1.72+/-0.10,0.70+/-0.05,1.001+/-0.024,1.47+/-0.05,0.680+/-0.029,0.872+/-0.007,0.225+/-0.027
DHP - ERECT - 4000x4000,Case 059,Plot04,up,10,1.35+/-0.06,1.84+/-0.11,0.73+/-0.05,1.151+/-0.028,1.59+/-0.05,0.724+/-0.031,0.896+/-0.005,0.283+/-0.025
DHP - ERECT - 4000x4000,Case 060,Plot04,up,10,2.10+/-0.06,2.79+/-0.11,0.75+/-0.04,1.70+/-0.04,2.30+/-0.05,0.738+/-0.024,0.9736+/-0.0020,0.35+/-0.05
DHP - ERECT - 4000x4000,Case 061,Plot04,up,10,2.07+/-0.09,2.88+/-0.12,0.72+/-0.04,1.58+/-0.04,2.33+/-0.06,0.679+/-0.025,0.9737+/-0.0028,0.36+/-0.05
DHP - ERECT - 4000x4000,Case 062,Plot04,up,10,2.91+/-0.11,3.87+/-0.13,0.75+/-0.04,2.38+/-0.06,3.24+/-0.08,0.735+/-0.027,0.9947+/-0.0007,0.42+/-0.04
DHP - ERECT - 4000x4000,Case 063,Plot04,up,10,0.40+/-0.04,0.53+/-0.06,0.74+/-0.12,0.335+/-0.031,0.50+/-0.05,0.67+/-0.09,0.502+/-0.015,0.056+/-0.033
DHP - ERECT - 4000x4000,Case 064,Plot04,up,10,0.47+/-0.06,0.65+/-0.07,0.73+/-0.12,0.48+/-0.04,0.66+/-0.05,0.73+/-0.08,0.568+/-0.017,0.23+/-0.09
DHP - ERECT - 4000x4000,Case 065,Plot04,up,10,2.55+/-0.15,4.25+/-0.20,0.60+/-0.05,2.28+/-0.08,3.91+/-0.14,0.583+/-0.030,0.9896+/-0.0022,0.52+/-0.08
DHP - ERECT - 4000x4000,Case 066,Plot04,up,10,1.86+/-0.09,2.47+/-0.12,0.75+/-0.05,1.57+/-0.05,2.17+/-0.07,0.724+/-0.034,0.962+/-0.004,0.34+/-0.05
DHP - ERECT - 4000x4000,Case 067,Plot04,up,10,2.24+/-0.09,2.99+/-0.10,0.75+/-0.04,1.84+/-0.05,2.57+/-0.07,0.715+/-0.028,0.9771+/-0.0027,0.58+/-0.05
DHP - ERECT - 4000x4000,Case 068,Plot04,up,10,1.93+/-0.10,2.79+/-0.14,0.69+/-0.05,1.78+/-0.07,2.81+/-0.09,0.635+/-0.031,0.963+/-0.004,0.35+/-0.08
DHP - ERECT - 4000x4000,Case 069,Plot04,up,10,2.08+/-0.11,2.75+/-0.13,0.75+/-0.05,1.70+/-0.06,2.43+/-0.08,0.700+/-0.034,0.971+/-0.004,0.32+/-0.06
DHP - ERECT - 4000x4000,Case 070,Plot04,up,10,1.71+/-0.08,2.34+/-0.10,0.73+/-0.05,1.50+/-0.06,2.20+/-0.08,0.68+/-0.04,0.947+/-0.005,0.40+/-0.06
DHP - ERECT - 4000x4000,Case 071,Plot04,up,10,1.06+/-0.06,1.40+/-0.09,0.76+/-0.06,0.98+/-0.04,1.29+/-0.05,0.76+/-0.04,0.837+/-0.009,0.29+/-0.06
DHP - ERECT - 4000x4000,Case 072,Plot04,up,10,0.96+/-0.05,1.24+/-0.05,0.77+/-0.05,0.814+/-0.029,1.099+/-0.033,0.740+/-0.034,0.827+/-0.010,0.10+/-0.06
DHP - ERECT - 4000x4000,Case 073,Plot04,up,10,0.68+/-0.05,0.94+/-0.07,0.72+/-0.08,0.617+/-0.032,0.88+/-0.05,0.70+/-0.05,0.682+/-0.021,0.18+/-0.06
DHP - ERECT - 4000x4000,Case 074,Plot04,up,10,2.23+/-0.10,2.83+/-0.12,0.79+/-0.05,1.89+/-0.06,2.51+/-0.09,0.76+/-0.04,0.9765+/-0.0021,0.40+/-0.06
DHP - ERECT - 4000x4000,Case 075,Plot04,up,10,1.456+/-0.028,1.561+/-0.029,0.933+/-0.025,1.215+/-0.019,1.352+/-0.020,0.899+/-0.019,0.9304+/-0.0020,0.286+/-0.027
DHP - PLANO - 4000x4000,Case 001,Plot04,up,10,1.87+/-0.07,2.34+/-0.08,0.80+/-0.04,2.01+/-0.08,3.31+/-0.12,0.607+/-0.031,0.910+/-0.004,0.32+/-0.08
DHP - PLANO - 4000x4000,Case 002,Plot04,up,10,1.40+/-0.05,1.63+/-0.05,0.86+/-0.04,1.61+/-0.06,2.42+/-0.10,0.67+/-0.04,0.827+/-0.006,0.31+/-0.08
DHP - PLANO - 4000x4000,Case 003,Plot04,up,10,0.809+/-0.026,0.885+/-0.029,0.91+/-0.04,0.995+/-0.034,1.28+/-0.05,0.77+/-0.04,0.631+/-0.007,0.27+/-0.07
DHP - PLANO - 4000x4000,Case 004,Plot04,up,10,1.500+/-0.021,1.62+/-0.04,0.924+/-0.025,1.88+/-0.05,2.58+/-0.06,0.729+/-0.025,0.856+/-0.004,0.83+/-0.09
DHP - PLANO - 4000x4000,Case 005,Plot04,up,10,1.28+/-0.06,1.56+/-0.06,0.82+/-0.05,1.37+/-0.05,2.09+/-0.09,0.66+/-0.04,0.812+/-0.008,0.30+/-0.11
DHP - PLANO - 4000x4000,Case 006,Plot04,up,10,1.08+/-0.09,1.43+/-0.08,0.75+/-0.07,1.23+/-0.07,2.04+/-0.11,0.60+/-0.05,0.773+/-0.012,0.25+/-0.08
DHP - PLANO - 4000x4000,Case 007,Plot04,up,10,0.97+/-0.09,1.68+/-0.16,0.58+/-0.08,1.23+/-0.07,2.44+/-0.17,0.51+/-0.05,0.770+/-0.017,0.48+/-0.12
DHP - PLANO - 4000x4000,Case 008,Plot04,up,10,0.416+/-0.016,0.441+/-0.017,0.94+/-0.05,0.534+/-0.020,0.615+/-0.024,0.87+/-0.05,0.397+/-0.006,0.24+/-0.08
DHP - PLANO - 4000x4000,Case 009,Plot04,up,10,1.13+/-0.07,2.04+/-0.11,0.55+/-0.04,1.07+/-0.05,2.65+/-0.13,0.405+/-0.029,0.773+/-0.015,0.26+/-0.08
DHP - PLANO - 4000x4000,Case 010,Plot04,up,10,1.78+/-0.10,2.93+/-0.20,0.61+/-0.05,1.55+/-0.06,3.13+/-0.13,0.495+/-0.029,0.926+/-0.006,0.33+/-0.09
DHP - PLANO - 4000x4000,Case 011,Plot04,up,10,1.41+/-0.06,1.95+/-0.12,0.72+/-0.05,1.40+/-0.05,2.31+/-0.11,0.61+/-0.04,0.860+/-0.006,0.29+/-0.07
DHP - PLANO - 4000x4000,Case 012,Plot04,up,10,1.64+/-0.07,2.24+/-0.19,0.73+/-0.07,1.69+/-0.05,2.63+/-0.13,0.64+/-0.04,0.909+/-0.004,0.38+/-0.05
DHP - PLANO - 4000x4000,Case 013,Plot04,up,10,2.89+/-0.08,3.36+/-0.05,0.861+/-0.027,3.31+/-0.06,4.55+/-0.05,0.729+/-0.016,0.9703+/-0.0027,0.512+/-0.028
DHP - PLANO - 4000x4000,Case 014,Plot04,up,10,1.66+/-0.06,2.61+/-0.14,0.64+/-0.04,1.55+/-0.04,2.58+/-0.09,0.602+/-0.026,0.938+/-0.005,0.37+/-0.08
DHP - PLANO - 4000x4000,Case 015,Plot04,up,10,1.82+/-0.08,3.21+/-0.16,0.57+/-0.04,1.70+/-0.06,3.29+/-0.11,0.518+/-0.024,0.946+/-0.005,0.42+/-0.08
DHP - PLANO - 4000x4000,Case 016,Plot04,up,10,2.83+/-0.13,4.12+/-0.16,0.69+/-0.04,2.82+/-0.11,5.12+/-0.15,0.551+/-0.027,0.9793+/-0.0017,0.45+/-0.10
DHP - PLANO - 4000x4000,Case 017,Plot04,up,10,2.67+/-0.10,3.47+/-0.11,0.77+/-0.04,2.70+/-0.07,4.51+/-0.10,0.599+/-0.020,0.9768+/-0.0016,0.43+/-0.08
DHP - PLANO - 4000x4000,Case 018,Plot04,up,10,0.343+/-0.020,0.406+/-0.026,0.84+/-0.07,0.303+/-0.014,0.443+/-0.031,0.68+/-0.06,0.410+/-0.011,0.035+/-0.019
DHP - PLANO - 4000x4000,Case 019,Plot04,up,10,0.34+/-0.06,0.80+/-0.15,0.43+/-0.11,0.276+/-0.035,0.69+/-0.10,0.40+/-0.08,0.411+/-0.033,0.039+/-0.029
DHP - PLANO - 4000x4000,Case 020,Plot04,up,10,0.66+/-0.05,0.97+/-0.08,0.68+/-0.07,0.713+/-0.035,1.34+/-0.07,0.53+/-0.04,0.626+/-0.014,0.26+/-0.08
DHP - PLANO - 4000x4000,Case 021,Plot04,up,10,0.83+/-0.05,1.12+/-0.07,0.74+/-0.06,0.93+/-0.05,1.59+/-0.08,0.59+/-0.04,0.662+/-0.012,0.28+/-0.10
DHP - PLANO - 4000x4000,Case 022,Plot04,up,10,0.206+/-0.018,0.26+/-0.04,0.80+/-0.14,0.248+/-0.022,0.333+/-0.032,0.74+/-0.10,0.229+/-0.011,0.18+/-0.07
DHP - PLANO - 4000x4000,Case 023,Plot04,up,10,0.224+/-0.015,0.253+/-0.021,0.89+/-0.09,0.264+/-0.018,0.320+/-0.024,0.83+/-0.08,0.242+/-0.008,0.18+/-0.06
DHP - PLANO - 4000x4000,Case 024,Plot04,up,10,2.47+/-0.12,3.73+/-0.14,0.66+/-0.04,2.29+/-0.07,4.41+/-0.10,0.519+/-0.020,0.9666+/-0.0028,0.55+/-0.06
DHP - PLANO - 4000x4000,Case 025,Plot04,up,10,1.21+/-0.09,2.19+/-0.18,0.55+/-0.06,1.09+/-0.06,2.21+/-0.13,0.49+/-0.04,0.876+/-0.011,0.18+/-0.06
DHP - PLANO - 4000x4000,Case 026,Plot04,up,10,1.34+/-0.11,2.90+/-0.25,0.46+/-0.05,1.27+/-0.08,3.32+/-0.18,0.384+/-0.031,0.871+/-0.011,0.20+/-0.07
DHP - PLANO - 4000x4000,Case 027,Plot04,up,10,1.38+/-0.11,3.18+/-0.27,0.43+/-0.05,1.29+/-0.08,3.37+/-0.17,0.384+/-0.031,0.884+/-0.011,0.20+/-0.07
DHP - PLANO - 4000x4000,Case 028,Plot04,up,10,2.98+/-0.16,5.44+/-0.18,0.547+/-0.035,2.57+/-0.09,5.53+/-0.13,0.466+/-0.019,0.9881+/-0.0019,0.57+/-0.06
DHP - PLANO - 4000x4000,Case 029,Plot04,up,10,1.47+/-0.14,2.93+/-0.32,0.50+/-0.07,1.66+/-0.09,3.46+/-0.19,0.48+/-0.04,0.826+/-0.014,0.62+/-0.13
DHP - PLANO - 4000x4000,Case 030,Plot04,up,10,1.60+/-0.12,3.37+/-0.29,0.48+/-0.05,1.49+/-0.06,3.14+/-0.14,0.476+/-0.030,0.927+/-0.008,0.31+/-0.08
DHP - PLANO - 4000x4000,Case 031,Plot04,up,10,1.40+/-0.07,2.56+/-0.16,0.55+/-0.04,1.32+/-0.06,2.61+/-0.12,0.506+/-0.032,0.902+/-0.010,0.27+/-0.08
DHP - PLANO - 4000x4000,Case 032,Plot04,up,10,1.73+/-0.13,3.61+/-0.30,0.48+/-0.05,1.73+/-0.07,3.61+/-0.15,0.478+/-0.028,0.922+/-0.008,0.40+/-0.08
DHP - PLANO - 4000x4000,Case 033,Plot04,up,10,2.598+/-0.022,2.637+/-0.022,0.985+/-0.012,3.567+/-0.023,3.771+/-0.028,0.946+/-0.009,0.9546+/-0.0007,0.908+/-0.006
DHP - PLANO - 4000x4000,Case 034,Plot04,up,10,1.72+/-0.04,1.88+/-0.08,0.91+/-0.04,2.355+/-0.029,2.67+/-0.06,0.881+/-0.021,0.872+/-0.004,0.787+/-0.009
DHP - PLANO - 4000x4000,Case 035,Plot04,up,10,0.63+/-0.09,1.9+/-0.4,0.32+/-0.08,0.51+/-0.05,1.54+/-0.19,0.33+/-0.05,0.688+/-0.028,0.017+/-0.017
DHP - PLANO - 4000x4000,Case 036,Plot04,up,10,2.26+/-0.04,2.48+/-0.04,0.913+/-0.024,2.68+/-0.07,3.57+/-0.08,0.751+/-0.024,0.9385+/-0.0018,0.58+/-0.08
DHP - PLANO - 4000x4000,Case 037,Plot04,up,10,2.52+/-0.06,3.03+/-0.09,0.831+/-0.031,2.85+/-0.07,4.03+/-0.09,0.707+/-0.024,0.9638+/-0.0016,0.58+/-0.08
DHP - PLANO - 4000x4000,Case 038,Plot04,up,10,0.36+/-0.06,0.87+/-0.17,0.41+/-0.10,0.29+/-0.04,0.76+/-0.11,0.37+/-0.07,0.419+/-0.033,0.041+/-0.030
DHP - PLANO - 4000x4000,Case 039,Plot04,up,10,3.507+/-0.030,3.576+/-0.033,0.981+/-0.012,4.783+/-0.028,5.084+/-0.033,0.941+/-0.008,0.98175+/-0.00027,0.957+/-0.004
DHP - PLANO - 4000x4000,Case 040,Plot04,up,10,4.337+/-0.029,4.426+/-0.033,0.980+/-0.010,6.00+/-0.04,6.48+/-0.05,0.927+/-0.009,0.99336+/-0.00013,0.9802+/-0.0021
DHP - PLANO - 4000x4000,Case 041,Plot04,up,10,5.29+/-0.05,5.45+/-0.05,0.970+/-0.012,7.21+/-0.05,7.75+/-0.05,0.930+/-0.008,0.99745+/-0.00007,0.9919+/-0.0010
DHP - PLANO - 4000x4000,Case 042,Plot04,up,10,0.62+/-0.09,1.78+/-0.34,0.35+/-0.08,0.51+/-0.05,1.51+/-0.19,0.33+/-0.05,0.676+/-0.028,0.017+/-0.016
DHP - PLANO - 4000x4000,Case 043,Plot04,up,10,1.20+/-0.13,2.32+/-0.29,0.52+/-0.08,1.01+/-0.07,2.16+/-0.16,0.47+/-0.05,0.860+/-0.018,0.12+/-0.06
DHP - PLANO - 4000x4000,Case 044,Plot04,up,10,0.63+/-0.11,1.9+/-0.4,0.32+/-0.09,0.48+/-0.05,1.49+/-0.19,0.32+/-0.05,0.69+/-0.04,0.050+/-0.035
DHP - PLANO - 4000x4000,Case 045,Plot04,up,10,1.42+/-0.13,3.32+/-0.29,0.43+/-0.05,1.48+/-0.10,3.89+/-0.19,0.382+/-0.031,0.877+/-0.012,0.43+/-0.14
DHP - PLANO - 4000x4000,Case 046,Plot04,up,10,1.92+/-0.12,3.57+/-0.16,0.54+/-0.04,2.02+/-0.10,4.52+/-0.15,0.447+/-0.027,0.940+/-0.007,0.64+/-0.09
DHP - PLANO - 4000x4000,Case 047,Plot04,up,10,2.19+/-0.06,2.54+/-0.04,0.862+/-0.029,2.47+/-0.05,3.33+/-0.05,0.740+/-0.019,0.930+/-0.004,0.32+/-0.04
DHP - PLANO - 4000x4000,Case 048,Plot04,up,10,2.625+/-0.029,2.735+/-0.033,0.960+/-0.016,3.567+/-0.033,4.02+/-0.04,0.888+/-0.013,0.9506+/-0.0010,0.904+/-0.007
DHP - PLANO - 4000x4000,Case 049,Plot04,up,10,1.99+/-0.04,2.16+/-0.04,0.922+/-0.027,1.989+/-0.032,2.33+/-0.04,0.854+/-0.019,0.9634+/-0.0014,0.43+/-0.08
DHP - PLANO - 4000x4000,Case 050,Plot04,up,10,2.32+/-0.06,2.73+/-0.08,0.851+/-0.034,2.65+/-0.05,3.78+/-0.08,0.700+/-0.021,0.9395+/-0.0023,0.53+/-0.09
DHP - PLANO - 4000x4000,Case 051,Plot04,up,10,1.73+/-0.11,2.54+/-0.13,0.68+/-0.06,1.93+/-0.07,3.64+/-0.11,0.530+/-0.026,0.901+/-0.006,0.51+/-0.11
DHP - PLANO - 4000x4000,Case 052,Plot04,up,10,1.36+/-0.08,2.16+/-0.11,0.63+/-0.05,1.29+/-0.06,2.87+/-0.13,0.452+/-0.028,0.856+/-0.010,0.19+/-0.09
DHP - PLANO - 4000x4000,Case 053,Plot04,up,10,0.42+/-0.10,1.49+/-0.35,0.28+/-0.10,0.51+/-0.08,1.75+/-0.24,0.29+/-0.06,0.48+/-0.05,0.29+/-0.14
DHP - PLANO - 4000x4000,Case 054,Plot04,up,10,1.22+/-0.13,2.38+/-0.28,0.51+/-0.08,1.03+/-0.07,2.27+/-0.16,0.45+/-0.05,0.854+/-0.019,0.13+/-0.07
DHP - PLANO - 4000x4000,Case 055,Plot04,up,10,1.37+/-0.11,2.52+/-0.20,0.54+/-0.06,1.17+/-0.07,2.58+/-0.15,0.45+/-0.04,0.871+/-0.014,0.21+/-0.07
DHP - PLANO - 4000x4000,Case 056,Plot04,up,10,0.96+/-0.08,1.56+/-0.17,0.62+/-0.09,0.88+/-0.05,1.64+/-0.12,0.54+/-0.05,0.772+/-0.020,0.16+/-0.06
DHP - PLANO - 4000x4000,Case 057,Plot04,up,10,1.34+/-0.05,1.85+/-0.10,0.72+/-0.05,1.45+/-0.04,2.18+/-0.06,0.668+/-0.025,0.841+/-0.007,0.45+/-0.05
DHP - PLANO - 4000x4000,Case 058,Plot04,up,10,1.34+/-0.05,1.89+/-0.10,0.71+/-0.05,1.45+/-0.04,2.22+/-0.06,0.653+/-0.025,0.829+/-0.008,0.44+/-0.06
DHP - PLANO - 4000x4000,Case 059,Plot04,up,10,1.45+/-0.06,1.99+/-0.12,0.73+/-0.05,1.49+/-0.04,2.17+/-0.07,0.687+/-0.029,0.872+/-0.006,0.43+/-0.04
DHP - PLANO - 4000x4000,Case 060,Plot04,up,10,2.32+/-0.07,3.15+/-0.13,0.73+/-0.04,2.24+/-0.06,3.55+/-0.10,0.631+/-0.024,0.9576+/-0.0027,0.53+/-0.06
DHP - PLANO - 4000x4000,Case 061,Plot04,up,10,2.28+/-0.11,3.29+/-0.13,0.69+/-0.04,2.04+/-0.06,3.73+/-0.12,0.548+/-0.024,0.9560+/-0.0032,0.53+/-0.07
DHP - PLANO - 4000x4000,Case 062,Plot04,up,10,3.18+/-0.12,4.49+/-0.16,0.71+/-0.04,3.10+/-0.10,5.12+/-0.14,0.604+/-0.025,0.9892+/-0.0010,0.64+/-0.05
DHP - PLANO - 4000x4000,Case 063,Plot04,up,10,0.43+/-0.05,0.61+/-0.08,0.71+/-0.12,0.42+/-0.04,0.84+/-0.09,0.50+/-0.07,0.446+/-0.015,0.07+/-0.04
DHP - PLANO - 4000x4000,Case 064,Plot04,up,10,0.52+/-0.06,0.75+/-0.08,0.70+/-0.11,0.70+/-0.07,1.32+/-0.12,0.53+/-0.07,0.498+/-0.016,0.37+/-0.14
DHP - PLANO - 4000x4000,Case 065,Plot04,up,10,2.72+/-0.17,4.84+/-0.22,0.56+/-0.04,2.74+/-0.11,5.50+/-0.15,0.499+/-0.024,0.9816+/-0.0027,0.66+/-0.08
DHP - PLANO - 4000x4000,Case 066,Plot04,up,10,2.04+/-0.11,2.89+/-0.15,0.71+/-0.05,2.08+/-0.08,3.84+/-0.14,0.542+/-0.029,0.937+/-0.005,0.54+/-0.08
DHP - PLANO - 4000x4000,Case 067,Plot04,up,10,2.49+/-0.11,3.60+/-0.12,0.69+/-0.04,2.48+/-0.09,4.58+/-0.14,0.542+/-0.026,0.9587+/-0.0032,0.82+/-0.07
DHP - PLANO - 4000x4000,Case 068,Plot04,up,10,2.11+/-0.11,3.30+/-0.17,0.64+/-0.05,2.23+/-0.10,4.48+/-0.17,0.497+/-0.029,0.947+/-0.005,0.52+/-0.11
DHP - PLANO - 4000x4000,Case 069,Plot04,up,10,2.29+/-0.13,3.23+/-0.17,0.71+/-0.05,2.16+/-0.08,4.07+/-0.15,0.531+/-0.028,0.953+/-0.004,0.50+/-0.10
DHP - PLANO - 4000x4000,Case 070,Plot04,up,10,1.85+/-0.09,2.69+/-0.12,0.69+/-0.05,1.87+/-0.09,3.57+/-0.16,0.524+/-0.034,0.922+/-0.006,0.58+/-0.09
DHP - PLANO - 4000x4000,Case 071,Plot04,up,10,1.15+/-0.07,1.56+/-0.10,0.73+/-0.06,1.32+/-0.05,2.05+/-0.09,0.64+/-0.04,0.798+/-0.010,0.52+/-0.07
DHP - PLANO - 4000x4000,Case 072,Plot04,up,10,1.07+/-0.05,1.46+/-0.06,0.73+/-0.05,1.09+/-0.04,1.96+/-0.07,0.555+/-0.030,0.765+/-0.010,0.16+/-0.09
DHP - PLANO - 4000x4000,Case 073,Plot04,up,10,0.74+/-0.06,1.10+/-0.09,0.68+/-0.08,0.91+/-0.05,1.75+/-0.11,0.52+/-0.04,0.614+/-0.021,0.37+/-0.11
DHP - PLANO - 4000x4000,Case 074,Plot04,up,10,2.23+/-0.10,2.83+/-0.12,0.79+/-0.05,1.89+/-0.06,2.51+/-0.09,0.76+/-0.04,0.9765+/-0.0021,0.40+/-0.06
DHP - PLANO - 4000x4000,Case 075,Plot04,up,10,1.670+/-0.033,1.821+/-0.035,0.917+/-0.025,1.816+/-0.033,2.32+/-0.04,0.783+/-0.021,0.8825+/-0.0024,0.52+/-0.05
DHP - RND - 4000x4000,Case 001,Plot04,up,10,1.80+/-0.06,2.20+/-0.06,0.82+/-0.04,1.75+/-0.06,2.54+/-0.07,0.690+/-0.030,0.9443+/-0.0030,0.32+/-0.07
DHP - RND - 4000x4000,Case 002,Plot04,up,10,1.34+/-0.04,1.55+/-0.05,0.86+/-0.04,1.35+/-0.04,1.79+/-0.05,0.753+/-0.032,0.881+/-0.004,0.30+/-0.07
DHP - RND - 4000x4000,Case 003,Plot04,up,10,0.764+/-0.022,0.827+/-0.025,0.92+/-0.04,0.798+/-0.023,0.937+/-0.027,0.851+/-0.035,0.705+/-0.006,0.24+/-0.05
DHP - RND - 4000x4000,Case 004,Plot04,up,10,1.353+/-0.019,1.462+/-0.034,0.925+/-0.025,1.448+/-0.032,1.84+/-0.04,0.786+/-0.024,0.899+/-0.005,0.76+/-0.09
DHP - RND - 4000x4000,Case 005,Plot04,up,10,1.28+/-0.04,1.49+/-0.04,0.86+/-0.04,1.198+/-0.034,1.57+/-0.05,0.762+/-0.032,0.871+/-0.006,0.25+/-0.09
DHP - RND - 4000x4000,Case 006,Plot04,up,10,1.13+/-0.07,1.43+/-0.08,0.79+/-0.07,1.11+/-0.05,1.55+/-0.07,0.72+/-0.05,0.853+/-0.008,0.23+/-0.08
DHP - RND - 4000x4000,Case 007,Plot04,up,10,1.09+/-0.07,1.71+/-0.16,0.64+/-0.07,1.12+/-0.05,1.87+/-0.12,0.60+/-0.05,0.840+/-0.013,0.39+/-0.11
DHP - RND - 4000x4000,Case 008,Plot04,up,10,0.400+/-0.015,0.420+/-0.015,0.95+/-0.05,0.422+/-0.012,0.461+/-0.014,0.92+/-0.04,0.470+/-0.007,0.18+/-0.05
DHP - RND - 4000x4000,Case 009,Plot04,up,10,1.10+/-0.07,1.86+/-0.09,0.59+/-0.05,0.99+/-0.05,2.11+/-0.11,0.468+/-0.033,0.816+/-0.014,0.23+/-0.07
DHP - RND - 4000x4000,Case 010,Plot04,up,10,1.78+/-0.09,2.74+/-0.15,0.65+/-0.05,1.59+/-0.05,2.87+/-0.10,0.554+/-0.027,0.947+/-0.005,0.31+/-0.09
DHP - RND - 4000x4000,Case 011,Plot04,up,10,1.42+/-0.06,1.91+/-0.11,0.74+/-0.05,1.30+/-0.04,1.91+/-0.08,0.68+/-0.04,0.901+/-0.005,0.27+/-0.06
DHP - RND - 4000x4000,Case 012,Plot04,up,10,1.66+/-0.06,2.25+/-0.18,0.74+/-0.07,1.59+/-0.04,2.30+/-0.10,0.690+/-0.035,0.934+/-0.004,0.37+/-0.05
DHP - RND - 4000x4000,Case 013,Plot04,up,10,2.67+/-0.07,3.00+/-0.04,0.891+/-0.025,2.69+/-0.04,3.215+/-0.029,0.838+/-0.014,0.9774+/-0.0027,0.450+/-0.026
DHP - RND - 4000x4000,Case 014,Plot04,up,10,1.78+/-0.08,2.80+/-0.16,0.63+/-0.05,1.65+/-0.05,2.78+/-0.09,0.593+/-0.025,0.938+/-0.005,0.33+/-0.08
DHP - RND - 4000x4000,Case 015,Plot04,up,10,1.88+/-0.10,3.36+/-0.17,0.56+/-0.04,1.72+/-0.05,3.27+/-0.11,0.526+/-0.024,0.947+/-0.005,0.35+/-0.09
DHP - RND - 4000x4000,Case 016,Plot04,up,10,2.78+/-0.09,3.83+/-0.11,0.726+/-0.033,2.61+/-0.08,4.23+/-0.12,0.615+/-0.026,0.9900+/-0.0011,0.42+/-0.09
DHP - RND - 4000x4000,Case 017,Plot04,up,10,2.67+/-0.09,3.32+/-0.11,0.80+/-0.04,2.58+/-0.06,3.76+/-0.08,0.685+/-0.022,0.9894+/-0.0011,0.42+/-0.08
DHP - RND - 4000x4000,Case 018,Plot04,up,10,0.372+/-0.020,0.444+/-0.025,0.84+/-0.07,0.314+/-0.014,0.446+/-0.027,0.70+/-0.05,0.475+/-0.012,0.035+/-0.019
DHP - RND - 4000x4000,Case 019,Plot04,up,10,0.42+/-0.07,0.98+/-0.16,0.43+/-0.10,0.33+/-0.04,0.86+/-0.12,0.39+/-0.07,0.47+/-0.04,0.040+/-0.029
DHP - RND - 4000x4000,Case 020,Plot04,up,10,0.69+/-0.04,0.96+/-0.07,0.72+/-0.07,0.667+/-0.029,1.03+/-0.05,0.64+/-0.04,0.693+/-0.014,0.23+/-0.07
DHP - RND - 4000x4000,Case 021,Plot04,up,10,0.82+/-0.05,1.07+/-0.06,0.77+/-0.06,0.819+/-0.035,1.17+/-0.05,0.70+/-0.04,0.737+/-0.012,0.25+/-0.09
DHP - RND - 4000x4000,Case 022,Plot04,up,10,0.197+/-0.020,0.24+/-0.04,0.81+/-0.15,0.196+/-0.014,0.243+/-0.021,0.81+/-0.09,0.274+/-0.011,0.11+/-0.04
DHP - RND - 4000x4000,Case 023,Plot04,up,10,0.208+/-0.015,0.232+/-0.019,0.89+/-0.10,0.207+/-0.012,0.244+/-0.017,0.85+/-0.08,0.283+/-0.008,0.12+/-0.04
DHP - RND - 4000x4000,Case 024,Plot04,up,10,2.52+/-0.09,3.50+/-0.12,0.72+/-0.04,2.26+/-0.06,3.59+/-0.07,0.631+/-0.020,0.9816+/-0.0020,0.53+/-0.06
DHP - RND - 4000x4000,Case 025,Plot04,up,10,1.29+/-0.10,2.43+/-0.19,0.53+/-0.06,1.23+/-0.07,2.90+/-0.17,0.42+/-0.04,0.887+/-0.010,0.20+/-0.07
DHP - RND - 4000x4000,Case 026,Plot04,up,10,1.35+/-0.10,2.82+/-0.22,0.48+/-0.05,1.27+/-0.08,3.17+/-0.18,0.401+/-0.034,0.899+/-0.010,0.20+/-0.07
DHP - RND - 4000x4000,Case 027,Plot04,up,10,1.41+/-0.11,3.16+/-0.25,0.45+/-0.05,1.31+/-0.08,3.43+/-0.19,0.382+/-0.032,0.909+/-0.010,0.21+/-0.07
DHP - RND - 4000x4000,Case 028,Plot04,up,10,3.26+/-0.16,5.28+/-0.16,0.62+/-0.04,2.79+/-0.08,5.36+/-0.11,0.520+/-0.018,0.9941+/-0.0013,0.57+/-0.06
DHP - RND - 4000x4000,Case 029,Plot04,up,10,1.43+/-0.12,2.56+/-0.27,0.56+/-0.07,1.48+/-0.07,2.61+/-0.15,0.57+/-0.04,0.863+/-0.017,0.58+/-0.09
DHP - RND - 4000x4000,Case 030,Plot04,up,10,1.68+/-0.12,3.42+/-0.27,0.49+/-0.05,1.59+/-0.07,3.25+/-0.14,0.488+/-0.030,0.935+/-0.009,0.35+/-0.09
DHP - RND - 4000x4000,Case 031,Plot04,up,10,1.51+/-0.07,2.51+/-0.15,0.60+/-0.05,1.33+/-0.05,2.46+/-0.10,0.541+/-0.031,0.909+/-0.008,0.26+/-0.08
DHP - RND - 4000x4000,Case 032,Plot04,up,10,1.70+/-0.13,3.40+/-0.27,0.50+/-0.05,1.54+/-0.06,3.11+/-0.14,0.497+/-0.030,0.938+/-0.009,0.31+/-0.08
DHP - RND - 4000x4000,Case 033,Plot04,up,10,2.291+/-0.015,2.317+/-0.015,0.989+/-0.009,2.442+/-0.013,2.513+/-0.014,0.972+/-0.008,0.9736+/-0.0005,0.712+/-0.012
DHP - RND - 4000x4000,Case 034,Plot04,up,10,1.52+/-0.04,1.69+/-0.09,0.90+/-0.05,1.642+/-0.022,1.82+/-0.05,0.902+/-0.026,0.9158+/-0.0022,0.545+/-0.009
DHP - RND - 4000x4000,Case 035,Plot04,up,10,0.65+/-0.10,2.0+/-0.4,0.32+/-0.08,0.54+/-0.05,1.61+/-0.19,0.33+/-0.05,0.711+/-0.025,0.016+/-0.016
DHP - RND - 4000x4000,Case 036,Plot04,up,10,2.15+/-0.04,2.33+/-0.04,0.922+/-0.024,2.23+/-0.04,2.65+/-0.04,0.842+/-0.019,0.9675+/-0.0011,0.54+/-0.06
DHP - RND - 4000x4000,Case 037,Plot04,up,10,2.47+/-0.05,2.96+/-0.08,0.834+/-0.029,2.47+/-0.04,3.17+/-0.06,0.778+/-0.019,0.9818+/-0.0010,0.54+/-0.05
DHP - RND - 4000x4000,Case 038,Plot04,up,10,0.42+/-0.07,0.92+/-0.16,0.45+/-0.11,0.33+/-0.04,0.83+/-0.11,0.40+/-0.07,0.47+/-0.04,0.040+/-0.029
DHP - RND - 4000x4000,Case 039,Plot04,up,10,3.083+/-0.029,3.143+/-0.032,0.981+/-0.014,3.289+/-0.018,3.418+/-0.021,0.962+/-0.008,0.99156+/-0.00022,0.806+/-0.011
DHP - RND - 4000x4000,Case 040,Plot04,up,10,3.843+/-0.025,3.915+/-0.027,0.982+/-0.009,4.145+/-0.020,4.321+/-0.022,0.959+/-0.007,0.99748+/-0.00009,0.879+/-0.007
DHP - RND - 4000x4000,Case 041,Plot04,up,10,4.572+/-0.024,4.674+/-0.032,0.978+/-0.008,4.946+/-0.022,5.170+/-0.026,0.957+/-0.006,0.99914+/-0.00004,0.916+/-0.004
DHP - RND - 4000x4000,Case 042,Plot04,up,10,0.63+/-0.09,1.80+/-0.34,0.35+/-0.08,0.53+/-0.05,1.57+/-0.18,0.34+/-0.05,0.701+/-0.025,0.016+/-0.016
DHP - RND - 4000x4000,Case 043,Plot04,up,10,1.30+/-0.12,2.45+/-0.26,0.53+/-0.07,1.07+/-0.06,2.21+/-0.15,0.48+/-0.04,0.895+/-0.013,0.14+/-0.06
DHP - RND - 4000x4000,Case 044,Plot04,up,10,0.63+/-0.11,1.9+/-0.4,0.33+/-0.09,0.47+/-0.05,1.45+/-0.19,0.33+/-0.05,0.70+/-0.04,0.049+/-0.034
DHP - RND - 4000x4000,Case 045,Plot04,up,10,1.46+/-0.12,3.17+/-0.24,0.46+/-0.05,1.41+/-0.08,3.43+/-0.16,0.412+/-0.029,0.907+/-0.009,0.38+/-0.12
DHP - RND - 4000x4000,Case 046,Plot04,up,10,1.88+/-0.12,3.32+/-0.16,0.56+/-0.04,1.85+/-0.09,3.69+/-0.14,0.501+/-0.031,0.957+/-0.006,0.52+/-0.09
DHP - RND - 4000x4000,Case 047,Plot04,up,10,1.99+/-0.05,2.25+/-0.04,0.886+/-0.029,1.938+/-0.032,2.306+/-0.028,0.840+/-0.017,0.951+/-0.004,0.237+/-0.031
DHP - RND - 4000x4000,Case 048,Plot04,up,10,2.377+/-0.024,2.455+/-0.024,0.968+/-0.014,2.498+/-0.022,2.687+/-0.026,0.929+/-0.012,0.9727+/-0.0007,0.705+/-0.015
DHP - RND - 4000x4000,Case 049,Plot04,up,10,2.28+/-0.04,2.48+/-0.04,0.921+/-0.022,2.44+/-0.04,2.88+/-0.04,0.846+/-0.018,0.9690+/-0.0010,0.58+/-0.08
DHP - RND - 4000x4000,Case 050,Plot04,up,10,2.22+/-0.06,2.57+/-0.06,0.865+/-0.030,2.27+/-0.04,2.93+/-0.06,0.775+/-0.020,0.9726+/-0.0011,0.55+/-0.08
DHP - RND - 4000x4000,Case 051,Plot04,up,10,1.73+/-0.08,2.36+/-0.10,0.73+/-0.05,1.67+/-0.05,2.67+/-0.08,0.627+/-0.028,0.939+/-0.004,0.44+/-0.09
DHP - RND - 4000x4000,Case 052,Plot04,up,10,1.38+/-0.08,2.07+/-0.11,0.66+/-0.05,1.24+/-0.05,2.28+/-0.10,0.543+/-0.033,0.902+/-0.009,0.17+/-0.08
DHP - RND - 4000x4000,Case 053,Plot04,up,10,0.41+/-0.10,1.30+/-0.29,0.32+/-0.11,0.46+/-0.07,1.30+/-0.18,0.35+/-0.07,0.50+/-0.05,0.24+/-0.12
DHP - RND - 4000x4000,Case 054,Plot04,up,10,1.30+/-0.12,2.45+/-0.26,0.53+/-0.07,1.07+/-0.06,2.21+/-0.15,0.48+/-0.04,0.895+/-0.013,0.14+/-0.06
DHP - RND - 4000x4000,Case 055,Plot04,up,10,1.39+/-0.12,2.46+/-0.20,0.57+/-0.07,1.14+/-0.07,2.28+/-0.15,0.50+/-0.04,0.894+/-0.013,0.19+/-0.06
DHP - RND - 4000x4000,Case 056,Plot04,up,10,1.01+/-0.08,1.60+/-0.16,0.63+/-0.08,0.85+/-0.05,1.44+/-0.10,0.59+/-0.05,0.812+/-0.017,0.16+/-0.06
DHP - RND - 4000x4000,Case 057,Plot04,up,10,1.29+/-0.05,1.77+/-0.10,0.73+/-0.05,1.230+/-0.029,1.76+/-0.05,0.700+/-0.027,0.885+/-0.005,0.36+/-0.04
DHP - RND - 4000x4000,Case 058,Plot04,up,10,1.29+/-0.05,1.81+/-0.11,0.71+/-0.05,1.230+/-0.030,1.79+/-0.06,0.686+/-0.027,0.874+/-0.005,0.34+/-0.05
DHP - RND - 4000x4000,Case 059,Plot04,up,10,1.43+/-0.05,1.97+/-0.12,0.73+/-0.05,1.351+/-0.031,1.89+/-0.06,0.715+/-0.028,0.898+/-0.005,0.380+/-0.029
DHP - RND - 4000x4000,Case 060,Plot04,up,10,2.26+/-0.07,3.05+/-0.12,0.74+/-0.04,1.99+/-0.05,2.92+/-0.07,0.682+/-0.024,0.9757+/-0.0022,0.50+/-0.05
DHP - RND - 4000x4000,Case 061,Plot04,up,10,2.23+/-0.09,3.12+/-0.13,0.72+/-0.04,1.92+/-0.06,3.04+/-0.09,0.631+/-0.027,0.9745+/-0.0026,0.47+/-0.05
DHP - RND - 4000x4000,Case 062,Plot04,up,10,3.12+/-0.12,4.31+/-0.17,0.72+/-0.04,2.85+/-0.08,4.21+/-0.11,0.677+/-0.027,0.9953+/-0.0004,0.59+/-0.04
DHP - RND - 4000x4000,Case 063,Plot04,up,10,0.41+/-0.05,0.57+/-0.07,0.72+/-0.12,0.38+/-0.04,0.65+/-0.07,0.58+/-0.08,0.500+/-0.016,0.06+/-0.04
DHP - RND - 4000x4000,Case 064,Plot04,up,10,0.51+/-0.07,0.71+/-0.08,0.72+/-0.12,0.58+/-0.05,0.89+/-0.07,0.65+/-0.08,0.562+/-0.018,0.31+/-0.12
DHP - RND - 4000x4000,Case 065,Plot04,up,10,2.98+/-0.15,4.80+/-0.24,0.62+/-0.04,2.72+/-0.10,4.94+/-0.16,0.551+/-0.026,0.9901+/-0.0022,0.74+/-0.06
DHP - RND - 4000x4000,Case 066,Plot04,up,10,1.98+/-0.10,2.72+/-0.12,0.73+/-0.05,1.98+/-0.07,3.10+/-0.12,0.640+/-0.034,0.9643+/-0.0035,0.55+/-0.09
DHP - RND - 4000x4000,Case 067,Plot04,up,10,2.56+/-0.11,3.37+/-0.12,0.76+/-0.04,2.38+/-0.08,3.64+/-0.11,0.653+/-0.030,0.9778+/-0.0024,0.73+/-0.07
DHP - RND - 4000x4000,Case 068,Plot04,up,10,2.11+/-0.10,3.16+/-0.14,0.67+/-0.04,2.18+/-0.07,3.78+/-0.12,0.577+/-0.027,0.9708+/-0.0031,0.49+/-0.09
DHP - RND - 4000x4000,Case 069,Plot04,up,10,2.23+/-0.10,3.02+/-0.12,0.74+/-0.04,2.01+/-0.06,3.13+/-0.10,0.641+/-0.027,0.9744+/-0.0021,0.48+/-0.08
DHP - RND - 4000x4000,Case 070,Plot04,up,10,1.77+/-0.08,2.45+/-0.10,0.72+/-0.04,1.70+/-0.07,2.77+/-0.11,0.613+/-0.035,0.947+/-0.005,0.50+/-0.08
DHP - RND - 4000x4000,Case 071,Plot04,up,10,1.19+/-0.06,1.54+/-0.08,0.77+/-0.06,1.24+/-0.04,1.67+/-0.05,0.744+/-0.033,0.850+/-0.009,0.44+/-0.07
DHP - RND - 4000x4000,Case 072,Plot04,up,10,1.09+/-0.05,1.42+/-0.05,0.77+/-0.05,1.05+/-0.04,1.53+/-0.05,0.684+/-0.032,0.840+/-0.008,0.16+/-0.08
DHP - RND - 4000x4000,Case 073,Plot04,up,10,0.71+/-0.05,0.98+/-0.08,0.72+/-0.08,0.82+/-0.04,1.26+/-0.07,0.65+/-0.05,0.678+/-0.015,0.35+/-0.08
DHP - RND - 4000x4000,Case 074,Plot04,up,10,2.40+/-0.10,3.12+/-0.13,0.77+/-0.05,2.33+/-0.08,3.45+/-0.13,0.676+/-0.034,0.9771+/-0.0021,0.57+/-0.07
DHP - RND - 4000x4000,Case 075,Plot04,up,10,1.59+/-0.04,1.71+/-0.04,0.934+/-0.033,1.607+/-0.028,1.878+/-0.033,0.856+/-0.021,0.9303+/-0.0020,0.509+/-0.026
